NUTS_ID,NAME_LATN,AREA_TOT_2024,POP_TOT_2023,POP_09_RT_2023,POP_024_RT_2023,POP_65P_RT_2023,POP_80P_RT_2023,LIFE_EXP_2022,HIGH_EDU_2023,UNEMP_25P_2023,UNEMP_LT_25P_2023,GDP_CAP_PPS_2022,INC_PPS_2021,AREA_ART_RT,AREA_CUL_RT,AREA_BOI_RT,zone
AT11,Burgenland,3964,301250,8.580581,22.26324,23.338755,6.6804979,81.4,33.2,4.7,,31000,23100,5.348133198789102,40.11099899091826,31.91220988900101,EU27
AT12,Niederösterreich,19180,1718373,9.573649,24.4398,20.925492,6.425904,81.1,36,4,32.1,37300,23100,4.426716721414047,35.85171281088691,39.12091349913969,EU27
AT13,Wien,415,1982097,9.819348,26.0566,16.35924,4.7411403,80.3,46.3,8.3,31.4,50400,20500,29.87951807228916,16.3855421686747,28.433734939759038,EU27
AT21,Kärnten,9537,568984,8.621684,22.75424,23.066729,6.9077514,81.4,33.8,4,32,38900,21700,3.1980706721191154,4.540211806647792,57.85886547132222,EU27
AT22,Steiermark,16399,1265198,9.018272,23.41246,21.234463,6.5588943,81.5,33.1,3.7,21.9,39700,22000,3.9029149896328823,8.610806195877545,55.45188437614343,EU27
AT31,Oberösterreich,11982,1522825,10.210628,25.67524,19.333213,5.7765666,81.8,33.1,2.9,22.4,45100,22400,6.218178783073199,23.36198981721058,40.98990067607045,EU27
AT32,Salzburg,7154,568346,9.906817,25.12097,19.74607,5.7762349,82.3,36.1,2.5,,52500,22200,3.0752026838132513,0.9924517752306402,41.48727984344423,EU27
AT33,Tirol,12649,771304,9.828031,24.94529,18.962562,5.711626,82.5,32.2,2.3,,45600,21700,2.2533206831119545,0.7194813409234662,31.736242884250476,EU27
AT34,Vorarlberg,2602,406395,10.675574,26.72252,18.150076,5.4274782,82.2,29.4,2.5,,52000,23000,4.41967717140661,0.5764796310530361,34.973097617217526,EU27
BE10,Région de Bruxelles-Capitale/ Brussels Hoofdstedelijk Gewest,162,1253178,12.364804,31.14641,12.892981,3.6938887,81.6,53.8,9.7,52,69500,19400,62.96296296296296,4.938271604938271,14.19753086419753,EU27
BE21,Prov. Antwerpen,2876,1915921,10.840165,27.92819,20.026087,5.7169894,82.8,46.1,3,31,50400,22000,18.42837273991655,28.33796940194715,25.938803894297635,EU27
BE22,Prov. Limburg (BE),2429,898619,9.526618,25.68575,21.735352,5.8636641,82.8,42.2,2.4,27,34500,21500,11.692054343351172,30.053519967064634,28.200905722519554,EU27
BE23,Prov. Oost-Vlaanderen,3009,1563346,10.206826,27.1036,20.385634,5.895432,82.6,46.8,2,22.5,39700,23800,13.858424725822532,35.95879029577933,11.665004985044865,EU27
BE24,Prov. Vlaams-Brabant,2118,1188079,10.840862,28.63791,19.939836,5.8125764,83.2,50,3.1,58.4,48100,24800,15.250236071765816,31.633616619452315,22.049102927289894,EU27
BE25,Prov. West-Vlaanderen,3167,1222004,9.499642,25.32136,24.207531,7.2482578,82.7,40,2,21.3,41000,22900,18.06125670982002,42.72181875592043,6.094095358383328,EU27
BE31,Prov. Brabant Wallon,1097,413959,10.356098,28.88619,20.221809,5.3964281,82.8,62,4.7,35.5,54000,23100,13.582497721057429,46.94621695533272,14.038286235186872,EU27
BE32,Prov. Hainaut,3814,1361026,10.629554,28.84162,19.433354,4.8134275,79.2,34.3,8.2,62,26100,18300,11.303435615001312,42.748492001049044,19.32861264096512,EU27
BE33,Prov. Liège,3858,1122360,10.677946,28.66505,19.523326,5.0830393,80,38.6,7.6,58.5,30300,19100,10.730948678071538,18.636599274235355,31.207879730430278,EU27
BE34,Prov. Luxembourg (BE),4461,297654,10.943243,30.05873,17.632553,4.6308801,80.2,40.4,5.3,31.8,25400,20600,3.496973772696705,9.997758350145707,49.002465814839724,EU27
BE35,Prov. Namur,3676,506650,10.28343,28.48041,19.557683,4.8690417,80.3,44.1,5.3,50.5,28000,19400,6.120783460282916,25.73449401523395,37.18715995647443,EU27
BG31,Severozapaden,19068,671502,8.396699,21.78043,27.528138,5.983452,72.3,21,7.1,71,14100,8000,2.438640654499685,43.523180197189006,33.34382211034194,EU27
BG32,Severen tsentralen,14812,686334,8.053368,20.79017,27.059566,5.6613835,73.2,26.4,5.5,71.5,14800,8800,1.829597623548474,46.57034836618957,35.174183094788006,EU27
BG33,Severoiztochen,14648,823884,9.016439,23.17244,23.329134,4.760743,74.1,30.3,4.2,44.3,17100,8200,2.4713271436373567,52.34844347351174,29.06198798470781,EU27
BG34,Yugoiztochen,19801,948410,10.061366,24.82629,23.274322,4.95503,73.7,22.9,4.3,39.6,19800,7700,2.0403009948992477,33.99828291500429,42.92712489268219,EU27
BG41,Yugozapaden,20301,2016554,9.466397,23.58583,20.90125,4.654822,75.2,41.8,3.2,48.4,34500,13600,2.7092261464952463,9.570957095709572,60.775331264469735,EU27
BG42,Yuzhen tsentralen,22366,1301026,9.084753,22.77003,23.857017,5.3164964,74.6,24.9,2.9,44.3,15400,7800,2.24894929804167,19.11830456943575,54.77510507019583,EU27
CY00,Kypros,9253,920701,10.639393,27.74006,16.631458,3.9954339,81.6,51.1,5.1,35,33400,19500,6.192586188263266,30.44418026585972,24.035447962822868,EU27
CZ01,Praha,496,1357326,10.784587,25.65412,18.779276,4.2640456,80.7,53.2,1.7,19.5,73400,20500,25.806451612903224,23.387096774193548,24.798387096774192,EU27
CZ02,Střední Čechy,10929,1439391,11.693348,27.86012,18.618707,3.6760686,79.3,25.1,1.6,23.9,28100,16400,4.959282642510751,48.092231677189126,29.856345502790738,EU27
CZ03,Jihozápad,17707,1257691,10.35469,25.65773,20.894719,4.331191,79.2,24.1,1.6,37.7,26000,15300,3.428022815835545,23.860620093748235,45.06692268594341,EU27
CZ04,Severozápad,8649,1105932,10.015625,25.99238,20.588969,3.8676881,77.2,16.7,3.5,34.1,21400,14200,5.272285813388831,22.29159440397734,41.21863799283154,EU27
CZ05,Severovýchod,12441,1533205,10.425416,26.04759,21.30824,4.4191742,79.3,21.2,2.5,27.4,25600,14900,3.8340969375452136,31.717707579776544,38.28470380194518,EU27
CZ06,Jihovýchod,13984,1731977,10.842927,25.87927,20.591555,4.6079134,79.5,28.2,1.8,27.3,29300,15600,3.418192219679634,47.53289473684211,31.57179633867277,EU27
CZ07,Střední Morava,9235,1212333,10.248834,25.2514,21.603553,4.7534794,79,22.3,2.2,28,25900,14500,5.0027070925825665,33.697888467785596,41.3427179209529,EU27
CZ08,Moravskoslezsko,5430,1189674,10.019636,25.16816,20.948512,4.4350805,77.5,22,3.4,47.8,25200,14500,5.5064456721915285,25.41436464088398,42.467771639042354,EU27
DE11,Stuttgart,10556,4205849,9.927722,24.8469,20.537304,6.9089974,82,37.1,2.7,24.4,51200,24100,9.871163319439182,30.115574081091324,37.703675634710116,EU27
DE12,Karlsruhe,6917,2848400,9.486694,24.6741,21.074884,6.9044376,81.6,37.2,2.7,35,44600,22900,10.669365331791239,22.00375885499494,51.828827526384266,EU27
DE13,Freiburg,9355,2322689,9.936328,25.31574,21.351847,6.9861699,82,33.9,1.9,23.7,38800,23300,5.18439337252806,22.39444147514698,46.52057723142705,EU27
DE14,Tübingen,8917,1903319,10.035837,25.61452,20.752065,6.7478967,82.1,37.2,1.8,34.7,44300,23400,7.27823258943591,26.64573286979926,35.707076370976786,EU27
DE21,Oberbayern,17528,4801769,9.97976,24.83982,19.672604,6.5970895,82.3,42.9,1.9,22,60000,27100,7.690552259242354,22.706526700136923,38.44705613874943,EU27
DE22,Niederbayern,10328,1273955,9.436597,24.12597,21.346201,6.3366445,80.9,26.2,1.8,42.8,40900,22300,5.770720371804802,31.371030209140198,36.19287374128582,EU27
DE23,Oberpfalz,9691,1133741,9.540186,24.03715,21.095735,6.4481217,80.5,31.7,2.3,48.7,43700,22100,5.530904963368073,26.632958415024248,46.25941595294603,EU27
DE24,Oberfranken,7232,1073783,8.906641,22.9769,23.179451,7.3369573,80,26.7,2.4,41.9,38800,22100,6.402101769911504,27.779314159292035,47.08241150442478,EU27
DE25,Mittelfranken,7243,1805791,9.806229,24.38693,20.966712,6.7297932,80.8,35.8,2,34.6,45400,23000,6.944636200469419,33.950020709650694,33.8119563716692,EU27
DE26,Unterfranken,8530,1334376,9.388358,23.62955,22.748236,7.1969969,81.4,33.1,2,37.3,41200,22500,8.264947245017586,28.698710433763186,44.03282532239156,EU27
DE27,Schwaben,9991,1945978,10.035417,24.77238,21.124545,6.846172,81.5,31.4,1.6,39.5,39800,22900,6.716044439995997,26.27364628165349,31.848663797417675,EU27
DE30,Berlin,891,3755251,9.909165,24.08119,18.874211,6.3341971,80.9,45.4,4.6,34.2,43400,20300,29.741863075196406,4.938271604938271,43.77104377104377,EU27
DE40,Brandenburg,29656,2573135,8.940417,21.94821,25.525827,8.5563719,80.3,30.7,2.9,42.4,31100,20600,4.474642568114378,33.27488535203669,39.13541947666577,EU27
DE50,Bremen,420,684864,9.912479,25.33014,21.10346,7.0592118,79.2,30.9,4,36.3,51000,20400,36.19047619047619,1.9047619047619049,1.9047619047619049,EU27
DE60,Hamburg,755,1892122,10.125774,25.01377,17.91005,6.1728049,80.8,40,3.7,42.4,69100,23700,26.887417218543046,6.887417218543046,21.059602649006624,EU27
DE71,Darmstadt,7445,4088107,9.931516,24.92068,20.306293,6.5341245,81.3,37.6,2.8,36.4,51700,23500,11.202149093351242,24.37877770315648,44.98321020819342,EU27
DE72,Gießen,5382,1067354,9.259533,25.02665,21.658138,6.8118918,80.3,31.8,2.9,44.3,34700,20900,6.856187290969899,19.267930137495355,43.701226309921964,EU27
DE73,Kassel,8288,1235899,9.271793,23.83342,23.33346,7.5957663,80.4,27.8,2.8,41.3,36500,21000,6.696428571428571,21.83880308880309,43.55694980694981,EU27
DE80,Mecklenburg-Vorpommern,23293,1628378,8.46597,21.61992,26.401241,8.4506791,79.6,26.9,3.9,50.8,29400,19500,3.4087494096938995,44.7172970420298,26.56162795689692,EU27
DE91,Braunschweig,8116,1610865,9.367265,23.93509,23.150792,7.7774984,80,34.8,2.7,45.5,46300,21400,7.060128141941843,30.717102020699855,41.48595367175949,EU27
DE92,Hannover,9065,2180058,9.426079,24.2394,22.653847,7.7416748,80.1,31.7,2.6,42.2,38800,21000,7.0821842250413685,42.34969663541092,24.931053502482072,EU27
DE93,Lüneburg,15542,1757157,9.680353,24.3334,23.246471,7.4685984,80.2,27.7,2,37.8,29300,21600,5.8679706601467,32.41539055462617,32.65345515377686,EU27
DE94,Weser-Ems,14987,2592162,9.866744,25.51079,21.355147,6.6787107,80.3,28.1,2.3,39.8,36400,20400,9.194635350637219,37.632614932941884,18.61613398278508,EU27
DEA1,Düsseldorf,5291,5261157,9.716741,24.19409,21.884331,7.265056,79.9,29.7,3.7,35.6,42100,21500,20.563220563220565,27.216027216027218,26.98922698922699,EU27
DEA2,Köln,7365,4527594,9.620916,24.92121,20.718223,6.7326929,80.9,37.3,2.9,31.1,42900,21800,12.912423625254583,27.30482009504413,30.95723014256619,EU27
DEA3,Münster,6918,2664280,9.933265,25.38404,21.270137,6.7220037,80.2,28.3,2.6,38.2,34700,20900,15.278982364845332,44.30471234460826,20.17924255565192,EU27
DEA4,Detmold,6524,2085331,10.022869,25.7668,21.428445,7.1918559,80.6,28.9,2.1,51.9,38900,21800,10.254445125689761,43.27099938687922,25.24524831391784,EU27
DEA5,Arnsberg,8012,3600754,9.560359,24.38042,22.295025,7.2817527,79.7,27.5,3,40.8,35600,20900,14.241138292561159,18.08537194208687,43.33499750374438,EU27
DEB1,Koblenz,8075,1522508,9.500574,23.57735,23.386938,7.4096819,80.3,28.7,2.3,42.5,33900,21600,5.609907120743034,20.928792569659443,47.56656346749226,EU27
DEB2,Trier,4926,546565,9.198723,23.85224,21.820643,6.8445656,80.6,29.7,2.1,44.9,30000,21600,5.481120584652863,18.77791311408851,44.60008120178644,EU27
DEB3,Rheinhessen-Pfalz,6852,2090077,9.684571,24.19011,22.192627,7.0016559,80.8,34.3,3.2,41.2,41300,22200,12.15703444249854,31.91768826619965,37.784588441330996,EU27
DEC0,Saarland,2571,992666,8.587783,22.14552,24.755154,7.8400993,79.2,27,3.2,45.2,35100,20100,10.657331777518475,11.162971606378841,47.296771684169585,EU27
DED2,Dresden,7944,1598250,9.193243,23.07242,26.444611,9.4330674,81.5,36,2.5,53.8,33000,19900,6.482880161127895,32.17522658610272,35.196374622356494,EU27
DED4,Chemnitz,6528,1411556,8.428996,21.20249,29.73605,9.7764453,80.3,24.3,3.3,50.5,29600,20000,6.188725490196079,32.52144607843137,39.85906862745098,EU27
DED5,Leipzig,3978,1076346,9.48877,23.95754,22.843584,8.0194473,80.6,36.1,4.1,52.3,34600,19400,10.08044243338361,46.95827048768225,22.146807440925087,EU27
DEE0,Sachsen-Anhalt,20454,2186643,8.372972,21.32227,27.560878,9.0377807,78.8,25.7,3.7,52.8,30900,19400,5.881490173071282,45.849222645937225,24.205534369805417,EU27
DEF0,Schleswig-Holstein,15802,2953270,9.084506,23.61948,23.454476,7.8863429,80.4,29.3,2.8,36.8,34300,22400,7.3977977471206176,43.0261992152892,15.194279205163902,EU27
DEG0,Thüringen,16201,2126846,8.51599,21.72005,27.057671,8.6325949,79.8,28,2.9,45.7,30100,19500,5.2280723412135055,38.41120918461824,37.44213320165422,EU27
DK01,Hovedstaden,2559,1891871,10.777162,28.57668,17.388553,4.4412648,81.6,55.1,4.2,15.3,67800,18900,14.1852286049238,24.697147323173112,25.43962485345838,EU27
DK02,Sjælland,7224,849857,9.832125,26.29689,23.59291,5.7207271,80.6,33.1,3.7,20.4,30000,17500,7.931893687707642,54.761904761904766,17.068106312292358,EU27
DK03,Syddanmark,12256,1237413,10.111014,27.55127,22.42889,5.7591928,81.3,35.1,3.9,11.9,40500,17000,6.821148825065274,51.697127937336816,18.325718015665796,EU27
DK04,Midtjylland,13007,1358879,10.74231,29.53022,20.010391,4.9024968,81.8,41.2,4.2,13.8,42300,17300,5.57392173445068,47.35142615514723,23.356654109325746,EU27
DK05,Nordjylland,7879,594634,9.929806,27.65331,22.60197,5.6853459,80.7,35.1,3.7,34,36600,17000,5.698692727503491,43.292295976646784,18.009899733468714,EU27
EE00,Eesti,45336,1365884,10.567222,26.3947,20.239859,5.8707035,78.1,41.6,5.5,23.6,30100,13200,1.731515793188636,12.8882124580907,57.96056114346215,EU27
EL30,Attiki,3817,3790842,8.22134,22.84057,21.423051,6.1928722,80.9,43.7,8.7,60.3,32000,14300,17.39586062352633,15.221378045585537,34.37254388263034,EU27
EL41,Voreio Aigaio,3848,195509,8.646661,24.67764,24.318062,7.8308415,82.3,26.7,8.7,48.2,14500,10500,4.547817047817048,23.544698544698544,27.936590436590436,EU27
EL42,Notio Aigaio,5311,326945,9.967732,25.6979,19.894784,5.2993623,81.7,20.1,7.2,13.9,23900,13600,4.368292223686688,9.696855582752777,16.550555450950856,EU27
EL43,Kriti,8346,622909,9.887961,26.43291,20.451141,6.4449221,81.7,28.4,10,32.9,20000,11400,3.7143541816439014,31.595974119338603,15.336688233884496,EU27
EL51,"Anatoliki Makedonia, Thraki",14186,559730,8.136423,24.81679,23.970664,7.7987601,79.9,24.5,10.8,63.7,16800,10600,2.7421401381643875,19.321866629070918,53.44001127872551,EU27
EL52,Kentriki Makedonia,18838,1782630,8.043677,23.91955,22.847254,7.1724923,80.2,34.2,13.1,65.9,18800,11800,5.000530841915277,26.202356938103833,40.45015394415543,EU27
EL53,Dytiki Makedonia,9462,250453,7.35108,22.2405,25.565276,8.7864789,81.4,28.5,15.1,68.3,21400,12500,2.3039526527161276,16.73007820756711,43.384062566053686,EU27
EL54,Ipeiros,9152,318890,7.58067,22.57832,27.934084,9.2276334,82.7,36.3,12.4,66.1,16500,11700,1.507867132867133,7.801573426573427,54.43618881118881,EU27
EL61,Thessalia,14050,682189,8.052461,23.32184,25.31791,8.2547505,81.1,33.1,11.6,55.9,18500,11100,3.0676156583629894,28.15658362989324,38.1423487544484,EU27
EL62,Ionia Nisia,2301,202185,8.775132,22.50167,23.654574,7.0865791,80.5,22.3,13.7,31.7,20300,14700,6.86657974793568,22.990004345936548,36.8535419382877,EU27
EL63,Dytiki Ellada,11314,643188,8.246889,24.60805,23.561074,7.3015977,80.3,27.8,8.4,60.9,17300,10500,3.995050380060103,18.145660243945557,44.820576277178716,EU27
EL64,Sterea Ellada,15560,504167,7.91821,21.88243,25.895983,8.4440275,80.7,20,8.6,82.1,25500,10600,3.2069408740359897,15.083547557840618,46.857326478149105,EU27
EL65,Peloponnisos,15509,534345,7.72179,21.52261,26.43442,8.711413,80.8,26.2,8.6,60.3,21000,11300,4.661809272035592,22.541749951640984,36.120962022051714,EU27
ES11,Galicia,29571,2699424,6.804229,19.74921,26.301981,8.7739458,83.4,41.4,8.9,38.2,27900,15500,5.031956984883839,7.683203138209732,48.85867911129147,EU27
ES12,Principado de Asturias,10601,1006060,6.046359,18.32654,27.551538,8.3387671,82.5,43.6,11.3,49.8,27600,17200,3.2638430336760687,3.395906046599378,42.99594377888879,EU27
ES13,Cantabria,5326,588387,7.206481,21.67808,23.483354,6.913477,83.1,49.4,7.5,35.6,28200,16300,3.8302666165978225,2.5535110777318812,41.738640630867444,EU27
ES21,País Vasco,7229,2216302,7.807736,22.63884,23.473516,7.1708639,83.6,55.7,6.6,47,38600,20800,5.9482639369207355,10.471711163369761,58.5419836768571,EU27
ES22,Comunidad Foral de Navarra,10391,672155,8.996586,25.70508,20.446772,6.2091333,83.9,48.3,8.7,34.8,36400,18500,3.801366567221634,25.531710133769607,38.591088441920895,EU27
ES23,La Rioja,5045,322282,8.364414,23.88964,21.77627,6.8511428,83.2,40.2,8.1,32.6,31900,16500,2.6560951437066405,26.89791873141725,32.48761149653122,EU27
ES24,Aragón,47722,1341289,8.232678,23.40622,22.146607,7.1615439,83,42.9,7.6,38.7,33400,17400,2.344830476509786,25.93353170445497,30.254390008800975,EU27
ES30,Comunidad de Madrid,8031,6871903,8.726549,24.83782,18.430673,5.4678886,85.2,50.5,8.7,41.6,41400,20200,11.704644502552608,17.68148424853692,30.631303698169592,EU27
ES41,Castilla y León,94225,2383703,6.859412,20.26553,26.477124,9.120054,83.8,40.8,8.6,39.5,29100,16600,2.656407535155213,31.696471212523214,30.537543114884585,EU27
ES42,Castilla-La Mancha,79458,2084086,8.671475,24.99028,19.405917,6.286017,83.4,32.7,11.9,38.6,24300,14100,2.4654534471041307,34.51383120642352,31.65571748596743,EU27
ES43,Extremadura,41634,1054306,7.849524,22.98488,21.840623,6.9295821,82.5,34.5,16.2,40.4,23000,13300,2.3802661286448576,19.046932795311523,39.25877888264399,EU27
ES51,Cataluña,32110,7901963,8.664126,25.06632,19.351698,5.7325756,83.7,44.8,8.1,38,35000,18200,5.297415135471815,24.36624104640299,49.5484272812208,EU27
ES52,Comunidad Valenciana,23255,5216195,8.37532,24.3818,20.08234,5.6028964,82.6,38.6,11.6,36.8,26300,14600,7.1597505912706945,25.843904536658783,35.53644377553214,EU27
ES53,Illes Balears,4990,1209906,8.810189,24.61638,16.495992,4.3433126,83.2,33.5,9.5,22.5,31900,16000,9.138276553106213,25.490981963927855,38.35671342685371,EU27
ES61,Andalucía,87600,8584147,8.866437,25.595,18.266696,4.9170756,82,35.8,16.6,36.6,22700,13300,3.767123287671233,35.87785388127854,32.077625570776256,EU27
ES62,Región de Murcia,11314,1551692,10.044841,27.96811,16.346865,4.5955641,82.1,32.7,11.4,33.3,25000,13700,7.14159448470921,29.96287785045077,23.78469153261446,EU27
ES63,Ciudad Autónoma de Ceuta,20,83052,11.162886,32.32553,12.807639,3.1064875,80.4,21.2,26.9,55.8,24800,15100,,,,EU27
ES64,Ciudad Autónoma de Melilla,14,85493,13.425661,35.28008,11.660604,2.6703941,81.7,32.8,24.4,64.7,22300,13300,,,,EU27
ES70,Canarias,7447,2213016,7.135872,22.63834,17.466977,4.4452458,82.3,34.3,14.8,44.9,24000,13500,,,,EU27
FI19,Länsi-Suomi,64725,1384761,9.310199,26.50067,24.497368,6.4185805,81.2,41.6,5.5,24.4,34700,17200,2.2111390763244443,10.206445038061856,66.05777990519279,EU27
FI1B,Helsinki-Uusimaa,9568,1733033,10.177302,26.82142,18.230524,4.3756812,81.7,49.3,6.4,29.6,49500,20700,5.476588628762542,14.046822742474916,59.301839464882946,EU27
FI1C,Etelä-Suomi,35370,1144473,8.462323,24.25212,26.537017,6.8462078,81.2,37.8,6.4,38.8,34300,17600,3.270301591339495,14.454902625851492,58.707142655247466,EU27
FI1D,Pohjois- ja Itä-Suomi,227119,1271344,9.346015,26.39246,25.830224,6.4701607,80.6,38,5.5,21.3,33500,16200,1.0976576259246213,2.1283902782669952,66.12935892920042,EU27
FI20,Åland,1581,30359,10.425245,25.62667,23.847953,6.1365658,83.1,32.3,,,40100,17600,,7.7798861480075905,77.10309930423782,EU27
FR10,Ile-de-France,12070,12388388,12.117969,31.64791,15.960204,4.4679421,84.1,56.5,6.7,29.8,57900,23200,14.531897265948631,39.56917978458989,30.265120132560064,EU27
FRB0,Centre - Val de Loire,39529,2572735,10.614579,28.21297,23.775865,6.8763398,81.9,37.8,4.5,24.5,28500,18800,3.7339674669230187,44.63052442510562,27.12438968858307,EU27
FRC1,Bourgogne,31754,1614580,9.762849,26.53637,25.894226,7.5297601,81.7,36.4,6.2,30.3,29900,19400,3.583800466083013,28.35548277382377,33.4572022422372,EU27
FRC2,Franche-Comté,16308,1179388,10.605755,28.7918,22.489545,6.3397287,82.1,36.9,4.6,23,27000,18700,3.961246014226147,15.286975717439294,47.57174392935982,EU27
FRD1,Basse-Normandie,17758,1472492,9.941242,27.27098,25.166181,7.1146736,81.3,38.6,4.7,24.2,27600,18200,6.627998648496453,38.04482486766528,15.181889852460861,EU27
FRD2,Haute-Normandie,12355,1854083,11.291404,29.91759,21.319218,5.7243392,81,35,5.6,27.3,31000,18100,6.272764063132335,47.697288547146904,19.4496155402671,EU27
FRE1,Nord-Pas de Calais,12444,4070111,11.632631,31.5656,19.181664,4.9106769,80.5,34.9,7.9,34.9,29100,16500,9.040501446480231,52.732240437158474,14.167470266795243,EU27
FRE2,Picardie,19505,1916353,11.470747,30.34832,20.293547,5.1977376,80.9,32.6,7.2,32.5,26700,17800,6.541912330171751,56.45731863624711,20.107664701358626,EU27
FRF1,Alsace,8329,1932857,10.376867,28.3098,20.574828,5.7964971,82.3,44.5,4.7,38.5,32100,19700,8.860607515908272,27.050066034337856,41.5175891463561,EU27
FRF2,Champagne-Ardenne,25720,1311569,10.615682,28.90652,22.673226,6.2841528,81.4,30.1,5.8,38.4,31600,19100,4.175738724727839,47.86547433903577,30.381026438569208,EU27
FRF3,Lorraine,23669,2320856,10.167025,27.76971,22.112014,6.1292902,81.2,32.2,6.1,34.9,25900,19000,5.564240145337783,30.136465418902365,40.63965524525751,EU27
FRG0,Pays de la Loire,32376,3902115,10.963747,29.62194,21.897048,6.2179357,82.7,38.7,4.9,19.6,32200,17700,7.437608104768964,42.182480850012354,16.49987645169261,EU27
FRH0,Bretagne,27471,3432901,10.183486,27.97156,23.731095,6.6841427,81.9,40.2,4.2,26.9,30800,17900,7.7208692803319865,41.64391540169633,20.075716209821266,EU27
FRI1,Aquitaine,41804,3566828,9.812416,26.68093,23.942394,6.8178224,82.6,40.5,6,21.3,31100,18300,5.00191369246962,21.029088125538227,44.58903454214907,EU27
FRI2,Limousin,17056,724181,8.843093,25.03656,28.029457,8.3694546,82,40.7,5.2,34.8,26200,19000,4.338649155722327,11.84920262664165,36.77884615384615,EU27
FRI3,Poitou-Charentes,25967,1834080,9.348284,26.17503,26.498517,7.5704986,81.9,36.6,5.5,27.5,29000,18500,5.791966726999654,50.08279739669581,19.039550198328648,EU27
FRJ1,Languedoc-Roussillon,27643,2941209,10.089184,27.35678,24.662443,6.8616681,82.1,38.9,7.9,25.4,26800,16500,5.476974279202691,10.885215063488044,45.52689650182686,EU27
FRJ2,Midi-Pyrénées,45603,3168890,10.040456,27.57508,22.805967,6.7455481,83,46.3,5.3,32.7,31000,18000,4.328662587987632,28.309541038966735,34.75867815713878,EU27
FRK1,Auvergne,26172,1368219,9.603287,26.55978,25.604307,7.3926762,82,34.9,5.8,33.3,28800,19100,4.287024300779459,16.05150542564573,32.10301085129146,EU27
FRK2,Rhône-Alpes,44962,6827323,11.444354,30.10013,19.935207,5.7758656,83.7,46.9,5.3,18.7,35200,19300,6.1674302744539835,13.907299497353321,41.27040612072417,EU27
FRL0,Provence-Alpes-Côte d’Azur,31839,5173952,10.342829,26.98388,24.201461,7.2791166,82.8,42.1,6,27.1,36700,19000,5.807343195452119,9.620277018750588,52.002261377555826,EU27
FRM0,Corse,8726,352851,9.426642,24.7759,24.857801,7.2529198,82.9,32.5,5.2,62.2,26800,17300,3.43800137520055,1.8794407517763008,55.40912216364886,EU27
FRY1,Guadeloupe,1685,410013,10.587713,28.55812,21.613705,5.3929997,80.2,27.5,17.1,61.8,23300,14000,,,,EU27
FRY2,Martinique,1108,353444,9.57634,25.71808,23.697106,6.3039689,80,29.2,9.5,51.1,24900,15900,,,,EU27
FRY3,Guyane,83751,292892,21.099586,48.16963,6.746173,1.1891755,78.6,23.7,12,41,14300,10000,,,,EU27
FRY4,La Réunion,2504,880766,13.776644,34.6789,14.368175,3.1099066,80,24.4,16.6,49.2,22600,15800,,,,EU27
FRY5,Mayotte,367,309901,30.408098,60.22181,2.649233,0.436591,74.3,,24.8,86.3,10600,6800,,,,EU27
HR03,Jadranska Hrvatska,24705,1297987,8.888764,23.70671,24.157099,6.0390435,78.6,28.7,4.9,30.3,24900,11600,2.509613438575187,5.6871078729002225,53.345476624165144,EU27
HR04,Kontinentalna Hrvatska,31889,2684363,9.507842,25.53742,20.356599,5.1975459,77.9,21.8,13.5,69,,,3.653297375270469,25.115243500893726,44.049672300793375,EU27
HU11,Budapest,525,1671004,8.252344,22.6857,21.152912,5.2309869,78.1,56.4,1.9,31.6,56100,18900,55.61904761904762,14.095238095238095,17.142857142857142,EU27
HU12,Pest,6391,1328790,11.160228,27.3372,17.857901,3.6811686,76.7,33.4,2.8,45.2,23100,12600,6.024096385542169,35.94116726646847,35.65952120168988,EU27
HU21,Közép-Dunántúl,11086,1059399,9.598083,24.33238,20.61197,4.3975877,75.8,22.9,1.8,36.5,25000,12300,4.429009561609236,44.92152264116904,26.970954356846473,EU27
HU22,Nyugat-Dunántúl,11328,982924,9.148113,23.57486,20.946584,4.4056305,76.9,23.1,2.3,26.8,24100,11500,3.972457627118644,41.79908192090395,34.01306497175141,EU27
HU23,Dél-Dunántúl,14197,858675,8.995021,23.82205,22.736775,4.9562407,75.8,22.1,5.2,37.1,18500,10400,2.866802845671621,42.727336761287596,32.38008029865465,EU27
HU31,Észak-Magyarország,13426,1093790,10.538677,26.46148,20.427047,4.4354035,74.1,20.2,5.5,42.6,17600,9400,3.0165350811857587,30.619693132727544,37.203932667957694,EU27
HU32,Észak-Alföld,17723,1405012,10.616279,27.13621,19.341543,4.0410331,75,21.4,5.9,40.3,17700,10000,3.960954691643627,49.26366867911753,15.984878406590305,EU27
HU33,Dél-Alföld,18336,1200150,9.274757,24.22206,22.172645,4.9215515,75.5,22.2,4,38.3,19600,10900,3.3213350785340316,51.60340314136126,17.511998254799302,EU27
IE04,Northern and Western,25796,930208,12.453021,32.07218,17.038555,4.0082433,82.5,52,3.1,39.4,37300,15200,2.8182663978911457,0.5233369514653434,14.909288261746006,EU27
IE05,Southern,29685,1741180,11.823419,31.46981,16.485659,3.8215463,82,50.4,3.3,33.3,101200,16600,5.069900623210375,6.902475997978777,14.448374599966312,EU27
IE06,Eastern and Midland,14466,2600007,12.241044,31.96657,13.652886,3.2045298,83,58,3.5,30.6,87600,17500,5.018664454583161,11.288538642333748,12.069680630443798,EU27
ITC1,Piemonte,25387,4251351,7.217659,20.99526,26.388553,8.8098818,82.6,20.9,5.3,53.8,35700,20800,6.34576751880884,26.5962894394769,38.94119037302556,EU27
ITC2,Valle d'Aosta/Vallée d'Aoste,3261,123130,7.263867,21.94347,24.953301,7.9582555,82.4,20.8,3.2,44.3,45700,19300,2.5145660840233055,0.21465808034345293,30.021465808034346,EU27
ITC3,Liguria,5416,1507636,6.53679,19.47373,28.873282,10.330345,82.8,23.5,5.2,51.3,37200,20100,4.449778434268833,6.628508124076809,75.25849335302807,EU27
ITC4,Lombardia,23864,9976509,7.936333,22.64297,23.320081,7.608874,83.4,23.5,3.3,45.4,46000,22500,10.819644653033858,32.32903117666778,30.854006034193766,EU27
ITF1,Abruzzo,10833,1272627,7.365159,21.22169,25.279599,8.0469768,82.6,22.2,7.3,65.5,28300,16200,5.123234561063417,19.97599926151574,40.32124065355857,EU27
ITF2,Molise,4461,290636,6.729036,20.20397,26.451988,8.5897824,82.2,21.9,8.8,62.9,25800,15100,4.348800717327953,35.799148173055364,42.21026675633266,EU27
ITF3,Campania,13670,5609536,8.622514,25.17351,20.490001,5.5345041,81.1,17.8,15.8,69.5,22200,13400,10.373079736649597,38.083394294074616,35.3474762253109,EU27
ITF4,Puglia,19541,3907683,7.589229,22.7911,23.810452,7.1080228,82.8,17.5,10,62.9,22900,14400,6.64756153728059,63.9987718131109,9.851082339696024,EU27
ITF5,Basilicata,10073,537577,6.98765,21.31639,24.872902,7.8444576,82.2,19.7,6.5,55.9,29500,14600,3.514345279459943,32.790628412588106,33.43591780005957,EU27
ITF6,Calabria,15222,1846610,8.134473,23.08295,23.57038,6.9814958,81.8,19,14.2,71.1,20300,13400,5.4329260281171985,27.039810800157664,43.345158323479176,EU27
ITG1,Sicilia,25833,4814016,8.400346,23.91922,22.855553,6.6197744,81.5,16.8,13.9,68.2,21000,14000,5.725235164324701,41.16827313900824,12.8130685557233,EU27
ITG2,Sardegna,24106,1578146,6.206143,19.08645,26.241108,7.8715784,82.1,18.6,9.1,53,25000,15700,4.095435684647303,16.141078838174273,35.3941908713693,EU27
ITH1,Provincia Autonoma di Bolzano/Bozen,7398,534147,10.088983,26.48653,20.276628,6.6455489,83.7,18.9,1.7,29.4,56900,24100,2.3519870235198703,4.041632873749662,46.63422546634226,EU27
ITH2,Provincia Autonoma di Trento,6207,542996,8.415347,23.99392,23.235162,7.345358,84.4,23.5,3,21.6,46100,20100,2.9160625100692767,4.494925084581924,62.28451748026422,EU27
ITH3,Veneto,18407,4849553,7.602061,22.21075,24.096303,7.7287329,83.5,20.5,3.5,43.4,38700,19700,9.355136632802738,41.46791981311458,28.28815124680828,EU27
ITH4,Friuli-Venezia Giulia,7862,1194248,6.973091,20.51123,26.909821,9.0616857,83.1,22,4,45.7,37600,20700,5.380310353599594,26.3037395064869,48.19384380564742,EU27
ITH5,Emilia-Romagna,22508,4437578,7.655144,21.75157,24.487434,8.2860065,83.4,23.7,4.2,42.4,41600,21800,8.475482118202466,41.07246247717454,34.24486705562731,EU27
ITI1,Toscana,22988,3661981,7.067077,20.82722,26.197869,8.8566544,83.4,22.4,4.5,40.5,36500,19200,5.79867757090656,24.377936314598923,49.31703497476945,EU27
ITI2,Umbria,8464,856407,7.081446,20.95219,26.748614,9.1708732,83.5,23.8,5.3,38.9,29500,18200,5.1866729678638945,30.80103969754253,46.95179584120983,EU27
ITI3,Marche,9340,1484298,7.237091,21.35744,25.913732,8.8302349,83.4,23.2,4.5,44,32200,18700,7.2226358897989575,40.3254972875226,38.78310817998085,EU27
ITI4,Lazio,17232,5720536,7.723787,22.06293,23.091473,7.3045428,83.2,28.4,6.4,55.5,38800,19300,7.689182915506035,34.00069637883008,36.345171773444754,EU27
LT01,Sostinės regionas,9730,848724,11.096776,25.71201,17.311988,4.6112753,76.5,62,4.6,36.8,47000,21400,2.3843782117163412,19.116135662898255,52.219938335046244,EU27
LT02,Vidurio ir vakarų Lietuvos regionas,55554,2008555,9.109086,23.88941,21.146297,6.0610738,75.6,39.4,7.2,35.5,25200,15500,2.088058465637038,34.292760197285524,36.76242934802175,EU27
LU00,Luxembourg,2595,660809,10.537084,26.9335,14.863599,3.9263993,83,51.9,4.1,39.4,90900,28000,7.4373795761079,21.772639691714836,34.836223506743735,EU27
LV00,Latvija,64594,1883008,10.606699,25.65756,20.97272,6.0207923,74.5,39.2,6,30.5,25700,12200,1.7387669154305885,15.416653763973617,54.696064162512,EU27
MT00,Malta,316,542051,8.448467,22.53755,18.586812,3.9492594,82.4,32.9,2.5,25.9,36800,,27.531645569620256,28.79746835443038,3.79746835443038,EU27
NL11,Groningen,2405,596075,8.662668,28.73497,20.753764,4.8758965,80.9,43.9,3,18.6,46900,18500,9.106029106029107,38.62785862785863,4.8232848232848236,EU27
NL12,Friesland (NL),4010,659551,9.627155,27.39864,22.743958,5.5549912,81.6,37.4,3,28.8,33100,18600,5.1788841631223415,10.883162371778834,6.329747310482863,EU27
NL13,Drenthe,2680,502051,9.157436,25.86331,24.438951,5.9637368,80.8,35.4,2.1,41.3,31500,19000,6.492537313432837,35.59701492537313,19.850746268656717,EU27
NL21,Overijssel,3421,1184333,10.087281,28.85227,20.345207,4.985591,81.4,39.4,2.2,26.3,38600,18900,9.763227126571177,21.10494007600117,16.25255773165741,EU27
NL22,Gelderland,5137,2133708,9.844224,27.74766,21.31182,5.0989639,81.6,41.8,2.3,21.5,38400,19500,11.913568230484719,15.943157484913373,26.240996690675487,EU27
NL23,Flevoland,2413,444701,11.932287,30.82296,15.189532,2.7870412,81.7,37.9,3.1,29.6,33600,19000,4.5171985080812265,32.076253626191466,12.971404890178201,EU27
NL31,Utrecht,1449,1387643,10.928027,29.28023,17.820217,4.3088172,82.1,56.4,2.4,14.5,56400,21400,18.357487922705314,6.004140786749482,17.598343685300208,EU27
NL32,Noord-Holland,3403,2952622,9.881827,27.10035,18.654064,4.4879433,81.8,50.7,2.8,23.1,59400,21200,16.544225683220688,11.519247722597708,9.991184249191889,EU27
NL33,Zuid-Holland,3247,3804906,10.464122,28.48055,18.746692,4.5848964,81.7,45.2,2.7,21.1,44900,19400,23.52941176470588,15.029257776408993,9.485679088389283,EU27
NL34,Zeeland,1935,391124,9.59082,25.73711,24.579673,6.2696229,82,29.8,1.5,28.1,39200,19100,10.69767441860465,54.88372093023256,5.219638242894057,EU27
NL41,Noord-Brabant,5082,2626210,9.559822,26.73945,21.033352,5.1327959,81.8,42.6,2.2,18.6,46900,20000,17.060212514757968,24.399842581660764,21.271153089334906,EU27
NL42,Limburg (NL),2209,1128367,8.240581,24.10749,24.960319,6.2624128,81.7,36.9,2.4,19.2,41200,19000,17.51923947487551,27.116342236306025,19.646899049343595,EU27
PL21,Małopolskie,15183,3319305,10.846759,26.61524,18.293137,4.3332866,78.5,40.5,1.8,39.4,25000,13600,4.2284133570440625,19.90383982085227,41.329118092603565,EU27
PL22,Śląskie,12333,4245283,9.375794,23.66167,21.035983,4.6843285,76.6,36.6,2.1,31.6,29600,15400,8.059677288575367,22.135733398199953,41.911943566042325,EU27
PL41,Wielkopolskie,29826,3444228,10.624064,26.46137,18.35857,3.6169789,77.3,33.6,2.1,43.7,29800,14700,4.137329846442701,49.13163012137062,30.560584724736806,EU27
PL42,Zachodniopomorskie,22443,1589049,9.127346,23.57083,21.177824,4.0945245,76.7,36.8,1.8,26,23100,13900,2.4194626386846676,27.741389297331015,42.859688989885484,EU27
PL43,Lubuskie,13988,952793,9.485481,24.68626,20.12011,3.7961026,76.5,31.1,1.7,21.9,23000,12400,2.7881040892193307,20.174435230197314,56.033743208464394,EU27
PL51,Dolnośląskie,19947,2813919,9.466193,23.37,20.77295,4.2785169,76.7,39.7,2.5,32.8,31600,14900,3.9053491753145835,39.00837218629368,35.80989622499624,EU27
PL52,Opolskie,9412,896370,9.198322,23.2944,21.027031,4.9725002,77.5,30.1,2.7,34,22400,12800,2.071823204419889,52.433064173395664,33.3510412239694,EU27
PL61,Kujawsko-pomorskie,17972,1943197,9.66675,25.0374,20.115253,4.1341665,76.8,31.1,3,42.8,23100,12800,3.4275539728466504,51.84175383930558,28.054751836189627,EU27
PL62,Warmińsko-mazurskie,24011,1303380,9.650447,25.35454,19.588071,3.9800365,76.4,31.2,2.1,33.9,19600,12400,3.0777560284869434,26.442047394943984,36.71234017741868,EU27
PL63,Pomorskie,18170,2295745,10.903389,26.60339,18.447127,3.8832274,77.4,42.4,1.5,28.5,28200,14000,3.3847000550357733,30.720968629609246,40.676940011007154,EU27
PL71,Łódzkie,18219,2343021,9.147549,23.64631,22.037148,4.6830993,76.1,33.5,3.1,34.4,26500,14400,4.204401997914265,46.11669136615621,29.661342554476093,EU27
PL72,Świętokrzyskie,11709,1133097,8.812749,23.72983,22.529404,5.0062793,77,33.7,3.1,32.3,19600,12400,3.5699034930395426,30.292937056964732,41.33572465624733,EU27
PL81,Lubelskie,25123,1948400,9.501129,25.18856,21.074677,4.7902381,77.3,34,3.1,39.3,19200,12300,2.6151335429685942,44.907057278191296,30.183497193806474,EU27
PL82,Podkarpackie,17846,1962332,10.303914,26.40853,19.27151,4.5157496,78.5,32.9,3.1,34.9,19100,11300,2.9418357054802198,16.860921214838058,49.76465314356158,EU27
PL84,Podlaskie,20187,1083854,10.105974,25.26521,20.052516,5.0674722,77.9,36,2.2,39.9,20800,11900,3.14558874523208,29.94996780106009,35.418833903006885,EU27
PL91,Warszawski stołeczny,6104,3269510,10.950509,25.45706,18.283902,4.4156158,78.8,62,1.6,21.1,57200,21100,9.84600262123198,13.51572739187418,40.72739187418086,EU27
PL92,Mazowiecki regionalny,29455,2210253,10.295292,26.62044,19.539211,4.1938185,76.3,32.2,2.4,33.7,25900,13900,3.0011882532676966,39.667289085044985,29.5331862162621,EU27
PT11,Norte,21287,3631502,7.698082,22.66718,23.396325,6.3757641,82.5,26.4,6,46.2,23900,12900,9.414196457932071,18.020388030253205,28.909663174707568,EU27
PT15,Algarve,4997,472000,8.804025,23.49237,24.155932,6.6633475,80.8,25.2,4.5,47,31700,17900,6.0036021612967785,16.089653792275367,29.41765059035421,EU27
PT16,Centro (PT),28200,2256441,7.484707,21.63912,27.399741,8.6104622,82,28.8,4.4,36.5,23900,13800,6.925531914893616,13.602836879432626,41.99645390070922,EU27
PT17,Área Metropolitana de Lisboa,3015,2899670,9.346926,25.15435,22.104619,6.3454807,81.7,39.8,5.9,45.3,36100,16900,18.938640132669985,17.446102819237147,28.059701492537314,EU27
PT18,Alentejo,31604,714552,7.909012,22.31062,26.874181,8.8241304,80.3,22.8,4.8,41.5,25800,14400,2.7812935071509934,17.43450196177699,44.874066573851415,EU27
PT20,Região Autónoma dos Açores,2322,239942,9.095948,26.28885,17.031616,4.0251394,78,17.2,5.2,60.8,25000,14400,,,,EU27
PT30,Região Autónoma da Madeira,801,253259,7.703971,23.78869,20.592358,5.3040563,79.3,23.7,4.9,56.7,28100,13600,,,,EU27
RO11,Nord-Vest,34160,2531913,10.740693,27.35524,18.42666,3.8677474,75.3,17.2,2.1,30.9,24700,12400,2.5146370023419204,21.642271662763466,38.99590163934426,EU27
RO12,Centru,34092,2280856,10.957246,27.61779,19.806818,4.2182847,75.5,18.1,3.6,70.3,25200,12300,2.534318901795143,15.510970315616568,47.53607884547694,EU27
RO21,Nord-Est,36853,3224213,11.819877,30.74003,18.481502,4.4713237,74.6,13.6,4.7,44.3,16300,9800,2.7026293653162567,33.020378259571814,34.629473855588415,EU27
RO22,Sud-Est,35774,2353162,9.854825,26.25416,21.056561,4.6321078,74.4,13.7,8,29.3,21400,10700,2.7086711019175937,48.88746016660144,16.89215631464192,EU27
RO31,Sud - Muntenia,34467,2841139,9.504392,25.49354,21.155002,4.9695562,74.6,12.6,6.2,37.9,20200,10300,3.6643746192009745,50.65424899178925,22.975599849131054,EU27
RO32,Bucureşti - Ilfov,1804,2290125,10.790983,25.1488,17.788767,3.8882157,76.6,39.4,2.4,61,62900,22700,16.518847006651885,41.07538802660754,15.24390243902439,EU27
RO41,Sud-Vest Oltenia,29206,1861680,9.102638,24.66686,21.194244,4.8799471,75.5,16.5,7.9,32.3,20300,10100,2.475518729028282,31.486680819009795,35.84195028418818,EU27
RO42,Vest,32042,1671460,9.921027,25.2307,20.440094,4.133512,75,19.4,2.5,59.7,27700,13600,2.5528993196429686,24.742525435366083,44.76936520816429,EU27
SE11,Stockholm,7153,2440027,11.779993,28.87062,16.395802,4.267002,84,58.8,5,31.8,56700,21500,8.248287431846778,8.555850692017335,58.73060254438697,EU27
SE12,Östra Mellansverige,43154,1763645,11.399516,29.41408,21.092567,5.7401008,82.9,45.7,7.1,31.1,36500,17400,2.8317189600037076,12.054502479492053,58.95861333827687,EU27
SE21,Småland med öarna,35879,882332,11.356723,28.68988,22.90249,6.4604933,83.5,42.7,4.9,28,36400,17200,2.6784470024248166,6.184676273028791,66.69639622063045,EU27
SE22,Sydsverige,14341,1573064,11.596095,29.17396,20.222127,5.5924616,82.7,50,7.2,34.5,35900,17900,5.4319782441949656,26.364967575482883,44.23680357018339,EU27
SE23,Västsverige,34465,2101461,11.417533,28.69537,20.297831,5.5250133,83.2,48.5,5.3,26.5,40900,18500,3.600754388510083,11.327433628318584,51.6553024807776,EU27
SE31,Norra Mellansverige,71640,859620,10.635979,26.98809,24.929736,6.7817175,82.7,40.5,5.4,36.5,35000,17200,1.9067560022333891,1.9109436069235062,72.33668341708542,EU27
SE32,Mellersta Norrland,76709,375935,10.586671,26.99376,24.550787,6.5772008,82.2,41,4.4,20.1,38500,17300,0.8656089898186654,0.5566491545972442,66.91131418738348,EU27
SE33,Övre Norrland,164083,525472,10.516069,27.71946,23.169075,6.2593249,82.3,47,3.9,18,45500,17800,0.7093970734323483,0.28948763735426586,60.00499747079222,EU27
SI03,Vzhodna Slovenija,12433,1107885,9.374619,23.42355,22.012122,5.5372173,80.6,30,3.2,46.6,25800,16800,4.5121853132791765,13.818064827475268,60.98286817340948,EU27
SI04,Zahodna Slovenija,7840,1009087,9.790633,25.68857,20.794936,5.8366623,82.2,38.2,3.1,38.5,38600,17400,4.0688775510204085,6.428571428571428,65.38265306122449,EU27
SK01,Bratislavský kraj,2053,728370,11.802243,24.56595,18.108654,3.5311723,79.1,51.2,2.1,41.8,51900,19200,4.578665367754506,33.36580613735996,43.643448611787626,EU27
SK02,Západné Slovensko,14992,1806944,9.562388,23.36121,19.259866,3.6977903,77.1,24.2,3.3,52,23100,11600,4.942636072572038,51.06723585912487,30.5696371398079,EU27
SK03,Stredné Slovensko,16263,1305883,10.338598,25.72099,17.923428,3.4189893,76.7,26.5,5.2,74.8,21300,12200,2.4349750968456,13.07876775502675,54.9714074893931,EU27
SK04,Východné Slovensko,15727,1587595,11.965709,29.47597,16.068078,3.1398436,76.4,25.4,8.8,73.6,18400,10900,2.85496280282317,19.23443759140332,50.98238697780887,EU27
CH01,Région lémanique,8717,1701827,10.298932,26.95779,17.451128,5.1423558,84,45.4,5.5,38.8,46300,,,,,EFTA
CH02,Espace Mittelland,10061,1918746,9.903447,25.02192,20.612056,5.7641293,83.2,42,3,36.5,43400,,,,,EFTA
CH03,Nordwestschweiz,1958,1202435,9.996549,24.58686,19.899537,5.7208082,83.9,46.3,3.4,33.2,50900,,,,,EFTA
CH04,Zürich,1728,1579967,10.326102,24.78197,17.275741,5.1480822,83.9,57,3,32.9,58100,,,,,EFTA
CH05,Ostschweiz,11529,1217015,10.076458,25.13141,20.03336,5.4658324,83.2,40.1,2.7,32,41700,,,,,EFTA
CH06,Zentralschweiz,4482,841372,10.044071,25.01854,18.970562,5.2204019,83.8,45.8,2.5,24.8,46400,,,,,EFTA
CH07,Ticino,2812,354023,7.968409,22.84682,23.583214,7.6161718,84.6,41.9,5.5,47.9,50400,,,,,EFTA
IS00,Ísland,102679,387758,11.718907,31.15551,15.033088,3.4488005,82.1,44,2.6,11.9,,,,,,EFTA
LI00,Liechtenstein,160,39677,9.544572,24.6062,19.646143,4.6147642,83.9,,,,,,,,,EFTA
NO01,Oslo og Akershus,5371,1326682,11.835994,29.30423,14.220665,3.4559148,83.8,53.5,4.1,27,,,,,,EFTA
NO02,Hedmark og Oppland,52072,373628,9.188819,26.20896,23.386095,5.8028306,81.6,39.8,3.3,42.8,34400,18900,,,,EFTA
NO03,Sør-Østlandet,36598,1011472,10.615815,28.43845,19.623578,4.7218312,82.7,37.2,3.4,35.7,,,,,,EFTA
NO04,Agder og Rogaland,25776,787123,12.420041,31.92551,16.04692,3.8474292,83,39.9,3.9,22.4,,,,,,EFTA
NO05,Vestlandet,49081,905335,11.447254,30.46066,18.181778,4.7044464,83.6,43.2,3,31.9,,,,,,EFTA
NO06,Trøndelag,42202,478470,10.536711,29.41522,18.794491,4.6103204,82.6,48.3,2.5,21.6,39500,19500,,,,EFTA
NO07,Nord-Norge,112981,483536,9.748602,27.36921,20.919022,5.1464627,81.9,42.5,2.7,31.2,38700,19600,,,,EFTA
AL01,Veri,10820,771020,11.256388,30.75225,16.59931,3.3569817,77.3,,,,8200,,,,,CC
AL02,Qender,4967,1177987,10.704023,29.08648,15.988971,3.6278838,78.9,,,,12300,,,,,CC
AL03,Jug,13004,812778,8.918179,28.51972,16.998984,2.6974155,76.2,,,,9300,,,,,CC
ME00,Crna Gora,13882,616695,11.733677,30.11424,16.383626,3.2150415,73.8,25.6,15.9,81,17600,,,,,CC
MK00,Severna Makedonija,25437,1829954,10.972024,28.23809,17.66793,3.1288218,73.2,23.2,14.7,76.8,14100,,,,,CC
RS11,Beogradski region,3249,1683033,10.209247,24.92114,20.265675,4.3000345,76.3,42.2,6.2,38.2,24600,,,,,CC
RS12,Region Vojvodine,21376,1738651,9.77459,24.86652,21.690667,4.1600643,74.5,23.6,7.9,33.7,15700,,,,,CC
RS21,Region Šumadije i Zapadne Srbije,26529,1816449,9.293407,24.71448,23.034999,4.423741,75.5,19.4,8.7,46.6,10500,,,,,CC
RS22,Region Južne i Istočne Srbije,26082,1403064,8.81927,23.62743,23.741326,4.6942264,74.7,22.3,11.3,51.6,11100,,,,,CC
TR10,Istanbul,5340,15907951,13.494855,35.29539,7.611703,1.359094,79.6,30,7.5,25.8,38700,,,,,CC
TR21,"Tekirdag, Edirne, Kirklareli",18839,1926512,12.170856,31.99368,12.043216,2.1316763,78.4,22.8,6.6,16,29700,,,,,CC
TR22,"Balikesir, Çanakkale",24067,1816973,10.327231,28.60241,16.361498,3.1696674,78.5,25.4,5.2,24.5,21600,,,,,CC
TR31,Izmir,11802,4462056,11.567201,30.71441,12.401861,2.2660854,79.2,29.5,10.3,29.9,29500,,,,,CC
TR32,"Aydin, Denizli, Mugla",32027,3252758,11.805705,31.23054,13.314055,2.6214062,79.5,25.2,6.6,26.7,20900,,,,,CC
TR33,"Manisa, Afyonkarahisar, Kütahya, Usak",45351,3171989,12.440176,33.53284,12.581538,2.3185137,77.9,18.1,6.2,20.6,20000,,,,,CC
TR41,"Bursa, Eskisehir, Bilecik",29108,4330010,13.058861,33.75775,10.646904,1.8983559,78.8,25.3,6.9,17.3,25700,,,,,CC
TR42,"Kocaeli, Sakarya, Düzce, Bolu, Yalova",20216,4181440,13.951199,35.84313,9.80655,1.6798997,78.8,24,7.5,22.9,31500,,,,,CC
TR51,Ankara,25460,5782285,12.742125,34.43013,9.60494,1.7218626,79.9,33.9,9.4,25.8,31100,,,,,CC
TR52,"Konya, Karaman",49547,2557185,14.793376,38.97231,10.29421,1.858137,79.2,21.9,4.9,18,19100,,,,,CC
TR61,"Antalya, Isparta, Burdur",36562,3407128,12.751678,33.86224,10.478884,1.9062976,79.9,28,6.5,24.2,23900,,,,,CC
TR62,"Adana, Mersin",29251,4190538,14.970608,37.63913,9.714051,1.599723,78.6,21.5,9.2,26.3,20000,,,,,CC
TR63,"Hatay, Kahramanmaras, Osmaniye",23297,3422884,16.918277,42.09932,8.598772,1.5256433,79,20.4,13.4,20.1,15700,,,,,CC
TR71,"Kirikkale, Aksaray, Nigde, Nevsehir, Kirsehir",31862,1630050,13.500261,37.108,11.613447,2.1455784,78.7,20.4,6.9,37.4,17700,,,,,CC
TR72,"Kayseri, Sivas, Yozgat",59782,2494889,13.562728,37.04994,11.501434,2.0927584,79.1,22.3,7.2,25.2,17500,,,,,CC
TR81,"Zonguldak, Karabük, Bartin",9538,1043919,9.872413,30.80249,14.673169,2.5228969,79.1,20.3,8.6,32.3,18700,,,,,CC
TR82,"Kastamonu, Çankiri, Sinop",26497,794680,10.247647,29.48986,19.023884,3.8892384,79.2,18.9,4,26.8,16700,,,,,CC
TR83,"Samsun, Tokat, Çorum, Amasya",38003,2827339,11.791511,32.73148,14.296517,2.6931684,79.1,20.9,7.5,25.7,14000,,,,,CC
TR90,Trabzon,35058,2690038,11.30787,31.32041,15.302981,3.3544879,80.7,22,6.7,33.6,13200,,,,,CC
TRA1,"Erzurum, Erzincan, Bayburt",40818,1073218,14.880201,40.76068,10.547531,2.1210975,79.1,22.7,6.3,36.6,13900,,,,,CC
TRA2,"Agri, Kars, Igdir, Ardahan",29948,1081530,19.081486,48.07902,7.515094,1.3406008,78.6,14.3,9.9,24.8,9800,,,,,CC
TRB1,"Malatya, Elazig, Bingöl, Tunceli",37339,1770999,14.167202,37.60143,10.752801,2.1965569,80,19.9,6.3,20.6,12900,,,,,CC
TRB2,"Van, Mus, Bitlis, Hakkari",44480,2157272,20.795616,51.31291,4.940314,0.8036539,78.6,12.7,15.2,33,8600,,,,,CC
TRC1,"Gaziantep, Adiyaman, Kilis",15734,2937139,20.02578,47.23083,6.456181,1.1664072,77.8,19.8,8.3,22.6,17400,,,,,CC
TRC2,"Sanliurfa, Diyarbakir",34511,3974990,24.30225,53.64788,4.595685,0.8769582,78.7,14.8,9.6,23.1,9100,,,,,CC
TRC3,"Mardin, Batman, Sirnak, Siirt",25833,2393781,22.140329,52.67817,4.912062,1.0658452,80.1,15,9.3,27.9,12200,,,,,CC
UKC1,Tees Valley and Durham,3027,1201543,11.613983,29.31206,19.85189,5.1523749,79.8,31.8,4.3,49,,,11.166171126527916,15.031384208787578,6.772381896266931,UK
UKC2,Northumberland and Tyne and Wear,5566,1455437,10.901399,28.80544,19.736066,5.2470839,79.9,36,4.1,36.3,,,6.557671577434424,15.792310456342076,13.29500538986705,UK
UKD1,Cumbria,6822,498083,10.075831,25.26667,24.293943,6.4675968,81.6,36.2,2.2,48.4,,,2.7851070067428907,4.529463500439753,10.348871298739374,UK
UKD3,Greater Manchester,1276,2822003,13.162814,31.92534,15.895164,4.0771395,80,41.2,3.1,35.8,,,31.426332288401255,3.369905956112853,18.338557993730408,UK
UKD4,Lancashire,3076,1495318,11.826849,29.69228,20.071048,5.2348731,79.9,37.9,2.6,48.7,,,10.825747724317296,7.574772431729519,8.907672301690507,UK
UKD6,Cheshire,2264,931347,11.25574,27.30497,21.461818,5.7653055,81.9,45.5,2.3,39.1,,,10.247349823321555,19.964664310954063,11.351590106007068,UK
UKD7,Merseyside,726,1553324,11.669877,29.59807,18.928182,5.135503,79.6,38.1,2.8,31.9,,,31.129476584022036,12.947658402203857,13.498622589531681,UK
UKE1,East Yorkshire and Northern Lincolnshire,3515,932645,11.428679,28.10716,21.019466,5.5179624,80.8,29.9,3.6,36.2,,,7.197724039829303,46.00284495021337,3.2716927453769555,UK
UKE2,North Yorkshire,8312,824054,10.150427,26.98027,22.887214,6.2881801,82.3,41.4,1.9,33,,,3.8257940327237727,24.26612127045236,9.793070259865255,UK
UKE3,South Yorkshire,1552,1404971,11.797397,30.86391,18.011261,4.8196724,80.2,38.5,3.6,34.8,,,22.358247422680414,14.8840206185567,12.306701030927837,UK
UKE4,West Yorkshire,2030,2324560,13.135561,32.53515,16.595399,4.3836683,80.1,38.1,3.1,26.6,,,21.330049261083744,10.246305418719212,9.80295566502463,UK
UKF1,Derbyshire and Nottinghamshire,4788,2210381,11.475669,29.6239,19.238177,5.0430672,80.9,38.2,2.6,28.4,,,8.709273182957393,17.669172932330827,12.907268170426065,UK
UKF2,"Leicestershire, Rutland and Northamptonshire",4918,1843764,12.368937,30.99936,18.005287,4.6316665,81.5,39,3,30.7,,,8.824725498169988,16.551443676291175,7.909719398129321,UK
UKF3,Lincolnshire,5937,756920,10.875918,27.01963,23.529831,6.0603498,81,34.4,2.7,36.2,,,4.8677783392285665,40.60973555667846,8.118578406602662,UK
UKG1,"Herefordshire, Worcestershire and Warwickshire",5899,1352539,11.058091,27.14147,22.209711,5.9956127,81.9,41.9,2.1,31.2,,,7.662315646719783,28.71673164943211,13.968469232073232,UK
UKG2,Shropshire and Staffordshire,6203,1626956,11.116465,27.87297,21.090122,5.3830589,80.9,39.1,1.9,34.6,,,6.98049330968886,37.56246977269063,10.446558117040142,UK
UKG3,West Midlands,902,2928377,13.767831,34.26871,15.490594,4.4446122,80.2,35.3,4.3,42.3,,,41.46341463414634,2.882483370288248,10.310421286031042,UK
UKH1,East Anglia,12580,2521676,11.526699,28.12015,21.912688,6.0675122,82.3,39.1,2.1,37.9,,,5.922098569157392,44.02225755166931,10.906200317965025,UK
UKH2,Bedfordshire and Hertfordshire,2878,1871847,13.387472,30.42033,16.690093,4.8318586,82.3,47.3,1.8,23.8,,,11.431549687282835,33.391243919388465,13.168867268936763,UK
UKH3,Essex,3678,1841887,12.235604,28.83787,19.887865,5.4520174,81.8,36.7,2.8,23.1,,,11.99021207177814,52.99075584556824,9.461663947797716,UK
UKI3,Inner London - West,109,1190513,11.587946,28.15123,11.767112,3.1018561,84.7,72.8,3,24.6,,,57.798165137614674,,10.091743119266056,UK
UKI4,Inner London - East,210,2430890,13.074512,30.99605,8.189387,2.1069649,82,63.8,2.6,41.1,,,49.047619047619044,,13.333333333333334,UK
UKI5,Outer London - East and North East,433,1940638,14.687644,32.70924,12.898284,3.7257335,82.4,46.7,3.2,27.2,,,37.87528868360277,7.852193995381063,11.316397228637413,UK
UKI6,Outer London - South,355,1316772,13.745964,30.31223,14.653334,4.1901711,82.7,55.3,2.8,25.2,,,33.80281690140845,2.2535211267605635,22.816901408450704,UK
UKI7,Outer London - West and North West,465,2103443,14.073165,31.40546,13.58235,3.8117505,83.4,60.7,4.1,20.5,,,42.1505376344086,,4.086021505376344,UK
UKJ1,"Berkshire, Buckinghamshire and Oxfordshire",5744,2417428,13.040595,30.916,16.856386,4.6709147,83.2,53,2,21.5,,,9.366295264623956,26.18384401114206,15.598885793871867,UK
UKJ2,"Surrey, East and West Sussex",5457,2909838,11.462116,28.25439,20.861161,6.178557,82.9,51.4,1.7,25.3,,,11.581455011911308,9.63899578522998,26.8829026937878,UK
UKJ3,Hampshire and Isle of Wight,4149,1993050,11.460877,29.39575,20.173954,5.6567572,82.5,46.8,2.7,26,,,10.556760665220535,21.547360809833695,22.87298144131116,UK
UKJ4,Kent,3740,1854717,12.246666,29.77931,19.554735,5.2309328,81.6,42.9,2.8,25.6,,,11.06951871657754,32.887700534759354,13.262032085561499,UK
UKK1,"Gloucestershire, Wiltshire and Bristol/Bath area",7471,2516568,11.761176,29.66826,19.122392,5.2841807,82.3,45.7,1.8,31.6,,,7.8302770713425245,28.28269307990898,14.670057555882746,UK
UKK2,Dorset and Somerset,6147,1336003,10.488375,26.25286,24.895528,7.1037266,82.4,41.7,1.5,37.5,,,8.894348894348894,28.452088452088454,12.432432432432433,UK
UKK3,Cornwall and Isles of Scilly,3566,568612,10.589295,26.61534,24.814988,6.3356032,81.4,42.9,3.2,36,,,8.048233314638251,14.554122265844082,12.394840157038699,UK
UKK4,Devon,6710,1195198,10.48981,27.38258,23.928253,6.5910418,81.9,41.2,1.9,34.8,,,5.7675111773472425,12.354694485842026,16.274217585692995,UK
UKL1,West Wales and The Valleys,13131,1968383,10.95737,28.33,21.968336,5.8306742,80,38,3.1,33.2,,,5.2775873886223446,6.336151092833752,20.04417028406062,UK
UKL2,East Wales,7650,1168000,11.55137,30.05163,19.50625,5.2363014,81,45.9,2.4,33.4,,,5.372549019607844,5.490196078431373,17.84313725490196,UK
UKM5,North Eastern Scotland,6504,495365,11.015312,27.57906,17.35488,4.399786,80.3,55.8,3.1,,,,2.690651906519065,24.67712177121771,14.560270602706026,UK
UKM6,Highlands and Islands,41046,470990,9.961995,25.62029,22.844859,5.7761311,80,47.6,2.1,59.5,,,0.8112848998684403,1.7468206402572721,13.116990693368416,UK
UKM7,Eastern Scotland,13389,1998699,10.619608,27.91891,18.606854,4.8491544,79.9,53,2.7,27.2,,,4.219881992680559,18.10441407125252,14.676226753304952,UK
UKM8,West Central Scotland,1978,1541998,10.868821,28.32565,16.821358,4.4130407,77.9,48.1,4.1,40.9,,,9.908998988877654,2.0728008088978767,19.261880687563195,UK
UKM9,Southern Scotland,15885,947186,10.311597,26.25271,22.200497,5.5674387,79.2,46.9,2.2,36.6,,,2.9084041548630784,10.468995908089394,22.467736858671703,UK
UKN0,Northern Ireland,14335,1875957,13.405265,32.04018,16.333797,4.2163013,80.9,40.6,2.1,47.7,,,7.485176142309034,17.963027554935472,8.05022671782351,UK